Region,Storage,Hour,Fuel,Value
DE,Battery,1,Power,24.875
DE,Battery,2,Power,6.232106481481484
DE,Battery,3,Power,0.0
DE,Battery,4,Power,0.0
DE,Battery,5,Power,-0.0
DE,Battery,6,Power,0.0
DE,Battery,7,Power,-0.0
DE,Battery,8,Power,0.0
DE,Battery,9,Power,-0.0
DE,Battery,10,Power,0.0
DE,Battery,11,Power,-0.0
DE,Battery,12,Power,0.0
DE,Battery,13,Power,0.0
DE,Battery,14,Power,-0.0
DE,Battery,15,Power,-0.0
DE,Battery,16,Power,-0.0
DE,Battery,17,Power,-0.0
DE,Battery,18,Power,-0.0
DE,Battery,19,Power,-0.0
DE,Battery,20,Power,0.0
DE,Battery,21,Power,0.0
DE,Battery,22,Power,0.0
DE,Battery,23,Power,0.0
DE,Battery,24,Power,0.0
DE,Battery,25,Power,0.0
DE,Battery,26,Power,0.0
DE,Battery,27,Power,-0.0
DE,Battery,28,Power,-0.0
DE,Battery,29,Power,3.440938408870067
DE,Battery,30,Power,18.423733716825716
DE,Battery,31,Power,33.33161504824159
DE,Battery,32,Power,33.16495697300038
DE,Battery,33,Power,32.99913218813538
DE,Battery,34,Power,32.8341365271947
DE,Battery,35,Power,32.669965844558725
DE,Battery,36,Power,18.61157640052112
DE,Battery,37,Power,0.0
DE,Battery,38,Power,-0.0
DE,Battery,39,Power,-0.0
DE,Battery,40,Power,-0.0
DE,Battery,41,Power,-0.0
DE,Battery,42,Power,-0.0
DE,Battery,43,Power,-0.0
DE,Battery,44,Power,-0.0
DE,Battery,45,Power,0.0
DE,Battery,46,Power,0.0
DE,Battery,47,Power,-0.0
DE,Battery,48,Power,-0.0
DE,Battery,49,Power,0.0
DE,Battery,50,Power,-0.0
DE,Battery,51,Power,14.999999999999998
DE,Battery,52,Power,25.044791789999998
DE,Battery,53,Power,24.91956783105
DE,Battery,54,Power,24.79496999189475
DE,Battery,55,Power,31.724423610936363
DE,Battery,56,Power,39.224707892881675
DE,Battery,57,Power,50.0
DE,Battery,58,Power,49.75
DE,Battery,59,Power,49.50125
DE,Battery,60,Power,30.735225231481483
DE,Battery,61,Power,17.3986733349537
DE,Battery,62,Power,9.385166968278934
DE,Battery,63,Power,0.0
DE,Battery,64,Power,0.0
DE,Battery,65,Power,0.0
DE,Battery,66,Power,0.0
DE,Battery,67,Power,0.0
DE,Battery,68,Power,0.0
DE,Battery,69,Power,0.0
DE,Battery,70,Power,0.0
DE,Battery,71,Power,0.0
DE,Battery,72,Power,-0.0
DE,Battery,73,Power,0.0
DE,Battery,74,Power,0.0
DE,Battery,75,Power,4.694962544999998
DE,Battery,76,Power,17.507686207274993
DE,Battery,77,Power,29.707693805085935
DE,Battery,78,Power,30.99198822587711
DE,Battery,79,Power,40.28164163019507
DE,Battery,80,Power,49.273489817455754
DE,Battery,81,Power,50.0
DE,Battery,82,Power,49.75
DE,Battery,83,Power,30.982731481481483
DE,Battery,84,Power,12.309299305555559
DE,Battery,85,Power,0.0
DE,Battery,86,Power,0.0
DE,Battery,87,Power,0.0
DE,Battery,88,Power,0.0
DE,Battery,89,Power,0.0
DE,Battery,90,Power,0.0
DE,Battery,91,Power,0.0
DE,Battery,92,Power,0.0
DE,Battery,93,Power,0.0
DE,Battery,94,Power,0.0
DE,Battery,95,Power,0.0
DE,Battery,96,Power,0.0
DE,Battery,97,Power,0.0
DE,Battery,98,Power,0.0
DE,Battery,99,Power,0.0
DE,Battery,100,Power,0.0
DE,Battery,101,Power,0.0
DE,Battery,102,Power,0.0
DE,Battery,103,Power,0.0
DE,Battery,104,Power,-0.0
DE,Battery,105,Power,-0.0
DE,Battery,106,Power,-0.0
DE,Battery,107,Power,-0.0
DE,Battery,108,Power,-0.0
DE,Battery,109,Power,-0.0
DE,Battery,110,Power,-0.0
DE,Battery,111,Power,-0.0
DE,Battery,112,Power,-0.0
DE,Battery,113,Power,-0.0
DE,Battery,114,Power,-0.0
DE,Battery,115,Power,-0.0
DE,Battery,116,Power,-0.0
DE,Battery,117,Power,-0.0
DE,Battery,118,Power,-0.0
DE,Battery,119,Power,10.643537549999996
DE,Battery,120,Power,25.0
DE,PHS,1,Power,-0.0
DE,PHS,2,Power,-0.0
DE,PHS,3,Power,-0.0
DE,PHS,4,Power,-0.0
DE,PHS,5,Power,-0.0
DE,PHS,6,Power,-0.0
DE,PHS,7,Power,-0.0
DE,PHS,8,Power,-0.0
DE,PHS,9,Power,-0.0
DE,PHS,10,Power,-0.0
DE,PHS,11,Power,0.0
DE,PHS,12,Power,-0.0
DE,PHS,13,Power,-0.0
DE,PHS,14,Power,-0.0
DE,PHS,15,Power,-0.0
DE,PHS,16,Power,-0.0
DE,PHS,17,Power,-0.0
DE,PHS,18,Power,-0.0
DE,PHS,19,Power,-0.0
DE,PHS,20,Power,-0.0
DE,PHS,21,Power,-0.0
DE,PHS,22,Power,-0.0
DE,PHS,23,Power,-0.0
DE,PHS,24,Power,-0.0
DE,PHS,25,Power,-0.0
DE,PHS,26,Power,-0.0
DE,PHS,27,Power,-0.0
DE,PHS,28,Power,-0.0
DE,PHS,29,Power,-0.0
DE,PHS,30,Power,-0.0
DE,PHS,31,Power,-0.0
DE,PHS,32,Power,-0.0
DE,PHS,33,Power,-0.0
DE,PHS,34,Power,-0.0
DE,PHS,35,Power,-0.0
DE,PHS,36,Power,-0.0
DE,PHS,37,Power,-0.0
DE,PHS,38,Power,-0.0
DE,PHS,39,Power,-0.0
DE,PHS,40,Power,-0.0
DE,PHS,41,Power,-0.0
DE,PHS,42,Power,-0.0
DE,PHS,43,Power,-0.0
DE,PHS,44,Power,-0.0
DE,PHS,45,Power,-0.0
DE,PHS,46,Power,-0.0
DE,PHS,47,Power,-0.0
DE,PHS,48,Power,-0.0
DE,PHS,49,Power,-0.0
DE,PHS,50,Power,-0.0
DE,PHS,51,Power,-0.0
DE,PHS,52,Power,-0.0
DE,PHS,53,Power,-0.0
DE,PHS,54,Power,-0.0
DE,PHS,55,Power,-0.0
DE,PHS,56,Power,-0.0
DE,PHS,57,Power,-0.0
DE,PHS,58,Power,-0.0
DE,PHS,59,Power,-0.0
DE,PHS,60,Power,-0.0
DE,PHS,61,Power,-0.0
DE,PHS,62,Power,-0.0
DE,PHS,63,Power,-0.0
DE,PHS,64,Power,-0.0
DE,PHS,65,Power,-0.0
DE,PHS,66,Power,-0.0
DE,PHS,67,Power,-0.0
DE,PHS,68,Power,-0.0
DE,PHS,69,Power,-0.0
DE,PHS,70,Power,-0.0
DE,PHS,71,Power,-0.0
DE,PHS,72,Power,-0.0
DE,PHS,73,Power,-0.0
DE,PHS,74,Power,-0.0
DE,PHS,75,Power,-0.0
DE,PHS,76,Power,-0.0
DE,PHS,77,Power,-0.0
DE,PHS,78,Power,-0.0
DE,PHS,79,Power,-0.0
DE,PHS,80,Power,-0.0
DE,PHS,81,Power,-0.0
DE,PHS,82,Power,-0.0
DE,PHS,83,Power,-0.0
DE,PHS,84,Power,-0.0
DE,PHS,85,Power,-0.0
DE,PHS,86,Power,-0.0
DE,PHS,87,Power,-0.0
DE,PHS,88,Power,-0.0
DE,PHS,89,Power,-0.0
DE,PHS,90,Power,-0.0
DE,PHS,91,Power,-0.0
DE,PHS,92,Power,-0.0
DE,PHS,93,Power,-0.0
DE,PHS,94,Power,-0.0
DE,PHS,95,Power,-0.0
DE,PHS,96,Power,-0.0
DE,PHS,97,Power,-0.0
DE,PHS,98,Power,-0.0
DE,PHS,99,Power,-0.0
DE,PHS,100,Power,-0.0
DE,PHS,101,Power,-0.0
DE,PHS,102,Power,-0.0
DE,PHS,103,Power,-0.0
DE,PHS,104,Power,-0.0
DE,PHS,105,Power,-0.0
DE,PHS,106,Power,-0.0
DE,PHS,107,Power,-0.0
DE,PHS,108,Power,-0.0
DE,PHS,109,Power,-0.0
DE,PHS,110,Power,-0.0
DE,PHS,111,Power,-0.0
DE,PHS,112,Power,-0.0
DE,PHS,113,Power,-0.0
DE,PHS,114,Power,-0.0
DE,PHS,115,Power,-0.0
DE,PHS,116,Power,-0.0
DE,PHS,117,Power,-0.0
DE,PHS,118,Power,-0.0
DE,PHS,119,Power,-0.0
DE,PHS,120,Power,-0.0
DE,H2Tank,1,H2,25.0
DE,H2Tank,2,H2,23.947112069493308
DE,H2Tank,3,H2,20.826082457046763
DE,H2Tank,4,H2,20.826082457046763
DE,H2Tank,5,H2,20.826082457046763
DE,H2Tank,6,H2,20.826082457046763
DE,H2Tank,7,H2,15.379363572343937
DE,H2Tank,8,H2,4.853047782870254
DE,H2Tank,9,H2,-0.0
DE,H2Tank,10,H2,-0.0
DE,H2Tank,11,H2,-0.0
DE,H2Tank,12,H2,-0.0
DE,H2Tank,13,H2,-0.0
DE,H2Tank,14,H2,-0.0
DE,H2Tank,15,H2,-0.0
DE,H2Tank,16,H2,-0.0
DE,H2Tank,17,H2,-0.0
DE,H2Tank,18,H2,-0.0
DE,H2Tank,19,H2,-0.0
DE,H2Tank,20,H2,-0.0
DE,H2Tank,21,H2,-0.0
DE,H2Tank,22,H2,-0.0
DE,H2Tank,23,H2,-0.0
DE,H2Tank,24,H2,-0.0
DE,H2Tank,25,H2,-0.0
DE,H2Tank,26,H2,-0.0
DE,H2Tank,27,H2,-0.0
DE,H2Tank,28,H2,0.0
DE,H2Tank,29,H2,11.875
DE,H2Tank,30,H2,23.75
DE,H2Tank,31,H2,35.625
DE,H2Tank,32,H2,44.429679443750004
DE,H2Tank,33,H2,44.429679443750004
DE,H2Tank,34,H2,44.429679443750004
DE,H2Tank,35,H2,44.429679443750004
DE,H2Tank,36,H2,44.429679443750004
DE,H2Tank,37,H2,40.00535616304825
DE,H2Tank,38,H2,34.08573488796179
DE,H2Tank,39,H2,28.82257699322495
DE,H2Tank,40,H2,20.21619842831267
DE,H2Tank,41,H2,11.885035600242494
DE,H2Tank,42,H2,2.138205894736844
DE,H2Tank,43,H2,0.0
DE,H2Tank,44,H2,0.0
DE,H2Tank,45,H2,0.0
DE,H2Tank,46,H2,0.0
DE,H2Tank,47,H2,0.0
DE,H2Tank,48,H2,0.0
DE,H2Tank,49,H2,0.0
DE,H2Tank,50,H2,7.125
DE,H2Tank,51,H2,19.0
DE,H2Tank,52,H2,30.875
DE,H2Tank,53,H2,39.861175210000006
DE,H2Tank,54,H2,47.5308594380839
DE,H2Tank,55,H2,50.0
DE,H2Tank,56,H2,50.0
DE,H2Tank,57,H2,50.0
DE,H2Tank,58,H2,50.0
DE,H2Tank,59,H2,50.0
DE,H2Tank,60,H2,48.070342140350874
DE,H2Tank,61,H2,48.070342140350874
DE,H2Tank,62,H2,48.070342140350874
DE,H2Tank,63,H2,41.57746436145287
DE,H2Tank,64,H2,31.051148571979184
DE,H2Tank,65,H2,25.78799067724234
DE,H2Tank,66,H2,20.5248327825055
DE,H2Tank,67,H2,15.261674887768656
DE,H2Tank,68,H2,5.263157894736842
DE,H2Tank,69,H2,5.263157894736842
DE,H2Tank,70,H2,5.263157894736842
DE,H2Tank,71,H2,5.263157894736842
DE,H2Tank,72,H2,0.0
DE,H2Tank,73,H2,0.0
DE,H2Tank,74,H2,0.0
DE,H2Tank,75,H2,11.875
DE,H2Tank,76,H2,23.75
DE,H2Tank,77,H2,35.625
DE,H2Tank,78,H2,47.5
DE,H2Tank,79,H2,50.0
DE,H2Tank,80,H2,50.0
DE,H2Tank,81,H2,50.0
DE,H2Tank,82,H2,50.0
DE,H2Tank,83,H2,50.0
DE,H2Tank,84,H2,50.0
DE,H2Tank,85,H2,50.0
DE,H2Tank,86,H2,40.93447857894737
DE,H2Tank,87,H2,35.67132068421053
DE,H2Tank,88,H2,27.745606555019723
DE,H2Tank,89,H2,25.0
DE,H2Tank,90,H2,25.0
DE,H2Tank,91,H2,25.0
DE,H2Tank,92,H2,25.0
DE,H2Tank,93,H2,25.0
DE,H2Tank,94,H2,25.0
DE,H2Tank,95,H2,25.0
DE,H2Tank,96,H2,25.0
DE,H2Tank,97,H2,25.0
DE,H2Tank,98,H2,25.0
DE,H2Tank,99,H2,25.0
DE,H2Tank,100,H2,25.0
DE,H2Tank,101,H2,25.0
DE,H2Tank,102,H2,25.0
DE,H2Tank,103,H2,25.0
DE,H2Tank,104,H2,25.0
DE,H2Tank,105,H2,25.0
DE,H2Tank,106,H2,25.0
DE,H2Tank,107,H2,25.0
DE,H2Tank,108,H2,25.0
DE,H2Tank,109,H2,25.0
DE,H2Tank,110,H2,25.0
DE,H2Tank,111,H2,25.0
DE,H2Tank,112,H2,25.0
DE,H2Tank,113,H2,25.0
DE,H2Tank,114,H2,25.0
DE,H2Tank,115,H2,25.0
DE,H2Tank,116,H2,25.0
DE,H2Tank,117,H2,25.0
DE,H2Tank,118,H2,25.0
DE,H2Tank,119,H2,25.0
DE,H2Tank,120,H2,25.0
FR,Battery,1,Power,29.09035891848661
FR,Battery,2,Power,28.944907123894183
FR,Battery,3,Power,15.099116914200636
FR,Battery,4,Power,0.0
FR,Battery,5,Power,0.0
FR,Battery,6,Power,-0.0
FR,Battery,7,Power,-0.0
FR,Battery,8,Power,-0.0
FR,Battery,9,Power,-0.0
FR,Battery,10,Power,-0.0
FR,Battery,11,Power,-0.0
FR,Battery,12,Power,14.999999999999998
FR,Battery,13,Power,14.924999999999999
FR,Battery,14,Power,14.850375
FR,Battery,15,Power,0.7565078578075564
FR,Battery,16,Power,0.0
FR,Battery,17,Power,-0.0
FR,Battery,18,Power,-0.0
FR,Battery,19,Power,-0.0
FR,Battery,20,Power,0.0
FR,Battery,21,Power,-0.0
FR,Battery,22,Power,-0.0
FR,Battery,23,Power,-0.0
FR,Battery,24,Power,-0.0
FR,Battery,25,Power,-0.0
FR,Battery,26,Power,0.0
FR,Battery,27,Power,-0.0
FR,Battery,28,Power,-0.0
FR,Battery,29,Power,-0.0
FR,Battery,30,Power,3.687957865143771
FR,Battery,31,Power,5.7386357167274475
FR,Battery,32,Power,5.70994253814381
FR,Battery,33,Power,5.681392825453091
FR,Battery,34,Power,5.652985861325826
FR,Battery,35,Power,5.624720932019197
FR,Battery,36,Power,6.8774366113488865
FR,Battery,37,Power,6.843049428292142
FR,Battery,38,Power,6.808834181150681
FR,Battery,39,Power,6.774790010244928
FR,Battery,40,Power,6.740916060193703
FR,Battery,41,Power,6.7072114798927345
FR,Battery,42,Power,6.673675422493271
FR,Battery,43,Power,6.640307045380805
FR,Battery,44,Power,16.871456671153897
FR,Battery,45,Power,16.78709938779813
FR,Battery,46,Power,16.703163890859138
FR,Battery,47,Power,13.95638423148686
FR,Battery,48,Power,0.02856651032942065
FR,Battery,49,Power,0.0
FR,Battery,50,Power,0.0
FR,Battery,51,Power,0.0
FR,Battery,52,Power,13.1553759541163
FR,Battery,53,Power,23.89668726084303
FR,Battery,54,Power,34.14705313803614
FR,Battery,55,Power,40.093151512843285
FR,Battery,56,Power,39.89268575527907
FR,Battery,57,Power,50.0
FR,Battery,58,Power,50.0
FR,Battery,59,Power,50.0
FR,Battery,60,Power,31.842984006202606
FR,Battery,61,Power,13.165250567653082
FR,Battery,62,Power,0.0
FR,Battery,63,Power,0.0
FR,Battery,64,Power,0.0
FR,Battery,65,Power,0.0
FR,Battery,66,Power,-0.0
FR,Battery,67,Power,-0.0
FR,Battery,68,Power,-0.0
FR,Battery,69,Power,-0.0
FR,Battery,70,Power,-0.0
FR,Battery,71,Power,-0.0
FR,Battery,72,Power,0.0
FR,Battery,73,Power,0.0
FR,Battery,74,Power,0.0
FR,Battery,75,Power,-0.0
FR,Battery,76,Power,12.165912736839077
FR,Battery,77,Power,27.10508317315488
FR,Battery,78,Power,41.9695577572891
FR,Battery,79,Power,50.0
FR,Battery,80,Power,50.0
FR,Battery,81,Power,50.0
FR,Battery,82,Power,50.0
FR,Battery,83,Power,35.24924492592592
FR,Battery,84,Power,16.554480182777777
FR,Battery,85,Power,16.126295587574834
FR,Battery,86,Power,16.04566410963696
FR,Battery,87,Power,15.965435789088776
FR,Battery,88,Power,15.885608610143334
FR,Battery,89,Power,15.80618056709262
FR,Battery,90,Power,15.727149664257158
FR,Battery,91,Power,15.648513915935874
FR,Battery,92,Power,13.16848699080064
FR,Battery,93,Power,11.56338758917997
FR,Battery,94,Power,6.6848810734562925
FR,Battery,95,Power,5.465720223644572
FR,Battery,96,Power,5.438391622526351
FR,Battery,97,Power,5.411199664413719
FR,Battery,98,Power,5.38414366609165
FR,Battery,99,Power,5.357222947761192
FR,Battery,100,Power,5.330436833022388
FR,Battery,101,Power,5.303784648857277
FR,Battery,102,Power,20.277265725612992
FR,Battery,103,Power,35.175879396984925
FR,Battery,104,Power,50.0
FR,Battery,105,Power,49.75
FR,Battery,106,Power,41.08118667312472
FR,Battery,107,Power,40.875780739759094
FR,Battery,108,Power,40.6714018360603
FR,Battery,109,Power,40.201781282435554
FR,Battery,110,Power,37.08995362602337
FR,Battery,111,Power,22.035210452337694
FR,Battery,112,Power,13.637456077853784
FR,Battery,113,Power,6.402015696830555
FR,Battery,114,Power,6.3700056183464016
FR,Battery,115,Power,6.33815559025467
FR,Battery,116,Power,6.306464812303396
FR,Battery,117,Power,14.25527429362744
FR,Battery,118,Power,18.53219889115931
FR,Battery,119,Power,25.12562814070352
FR,Battery,120,Power,25.0
FR,PHS,1,Power,589.1521073389742
FR,PHS,2,Power,576.7982493492824
FR,PHS,3,Power,564.4567452175802
FR,PHS,4,Power,552.1275825900096
FR,PHS,5,Power,539.8107491250666
FR,PHS,6,Power,527.5062324935886
FR,PHS,7,Power,526.5697539552127
FR,PHS,8,Power,520.3037514528013
FR,PHS,9,Power,514.8528193446571
FR,PHS,10,Power,514.3379665253124
FR,PHS,11,Power,513.823628558787
FR,PHS,12,Power,513.3098049302282
FR,PHS,13,Power,512.796495125298
FR,PHS,14,Power,500.51899274781977
FR,PHS,15,Power,488.25376787271904
FR,PHS,16,Power,476.0008082224934
FR,PHS,17,Power,463.760101531918
FR,PHS,18,Power,454.25594891273903
FR,PHS,19,Power,445.5355492697086
FR,PHS,20,Power,433.32530783808596
FR,PHS,21,Power,421.127276647895
FR,PHS,22,Power,408.94144348889415
FR,PHS,23,Power,408.53250204540524
FR,PHS,24,Power,396.3592636610069
FR,PHS,25,Power,384.19819851499295
FR,PHS,26,Power,372.04929443412504
FR,PHS,27,Power,371.6772451396909
FR,PHS,28,Power,371.30556789455125
FR,PHS,29,Power,370.9342623266567
FR,PHS,30,Power,379.56332806433005
FR,PHS,31,Power,388.18376473626574
FR,PHS,32,Power,396.7955809715295
FR,PHS,33,Power,396.398785390558
FR,PHS,34,Power,396.00238660516743
FR,PHS,35,Power,400.79082020856225
FR,PHS,36,Power,400.3900293883537
FR,PHS,37,Power,399.98963935896535
FR,PHS,38,Power,399.58964971960637
FR,PHS,39,Power,399.1900600698868
FR,PHS,40,Power,398.7908700098169
FR,PHS,41,Power,398.3920791398071
FR,PHS,42,Power,397.9936870606673
FR,PHS,43,Power,397.59569337360665
FR,PHS,44,Power,397.19809768023305
FR,PHS,45,Power,396.8008995825528
FR,PHS,46,Power,396.40409868297024
FR,PHS,47,Power,396.00769458428726
FR,PHS,48,Power,395.611686889703
FR,PHS,49,Power,395.2160752028133
FR,PHS,50,Power,403.82085912761045
FR,PHS,51,Power,412.4170382684828
FR,PHS,52,Power,421.00462123021435
FR,PHS,53,Power,429.58361660898413
FR,PHS,54,Power,438.15403299237516
FR,PHS,55,Power,446.7158789593828
FR,PHS,56,Power,455.2691630804234
FR,PHS,57,Power,463.813893917343
FR,PHS,58,Power,472.3500800234257
FR,PHS,59,Power,480.87772994340224
FR,PHS,60,Power,480.3968522134588
FR,PHS,61,Power,479.91645536124537
FR,PHS,62,Power,479.4365389058841
FR,PHS,63,Power,478.95710236697823
FR,PHS,64,Power,478.47814526461127
FR,PHS,65,Power,477.99966711934667
FR,PHS,66,Power,477.52166745222735
FR,PHS,67,Power,477.04414578477514
FR,PHS,68,Power,476.5671016389904
FR,PHS,69,Power,476.0905345373514
FR,PHS,70,Power,475.614444002814
FR,PHS,71,Power,475.1388295588112
FR,PHS,72,Power,474.6636907292524
FR,PHS,73,Power,474.18902703852314
FR,PHS,74,Power,482.71483801148463
FR,PHS,75,Power,491.23212317347316
FR,PHS,76,Power,499.7408910502997
FR,PHS,77,Power,508.2411501592494
FR,PHS,78,Power,516.7329090090902
FR,PHS,79,Power,525.2161761000812
FR,PHS,80,Power,533.690959923981
FR,PHS,81,Power,542.157268964057
FR,PHS,82,Power,550.615111695093
FR,PHS,83,Power,550.064496583398
FR,PHS,84,Power,549.5144320868145
FR,PHS,85,Power,548.9649176547277
FR,PHS,86,Power,548.415952737073
FR,PHS,87,Power,547.8675367843359
FR,PHS,88,Power,547.3196692475516
FR,PHS,89,Power,546.772349578304
FR,PHS,90,Power,546.2255772287257
FR,PHS,91,Power,545.679351651497
FR,PHS,92,Power,545.1336722998454
FR,PHS,93,Power,544.5885386275456
FR,PHS,94,Power,544.0439500889181
FR,PHS,95,Power,543.4999061388291
FR,PHS,96,Power,542.9564062326904
FR,PHS,97,Power,550.7142311244999
FR,PHS,98,Power,559.1635168933752
FR,PHS,99,Power,567.6043533764819
FR,PHS,100,Power,576.0367490231054
FR,PHS,101,Power,584.4607122740822
FR,PHS,102,Power,592.8762515618081
FR,PHS,103,Power,601.2833753102461
FR,PHS,104,Power,609.6820919349358
FR,PHS,105,Power,609.0724098430007
FR,PHS,106,Power,608.4633374331577
FR,PHS,107,Power,607.8548740957245
FR,PHS,108,Power,607.2470192216288
FR,PHS,109,Power,606.639772202407
FR,PHS,110,Power,606.0331324302045
FR,PHS,111,Power,605.4270992977744
FR,PHS,112,Power,604.8216721984764
FR,PHS,113,Power,604.216850526278
FR,PHS,114,Power,603.6126336757517
FR,PHS,115,Power,603.0090210420759
FR,PHS,116,Power,602.4060120210337
FR,PHS,117,Power,601.8036060090126
FR,PHS,118,Power,601.2018024030036
FR,PHS,119,Power,600.6006006006006
FR,PHS,120,Power,600.0
FR,H2Tank,1,H2,25.0
FR,H2Tank,2,H2,21.49122807017544
FR,H2Tank,3,H2,17.982456140350877
FR,H2Tank,4,H2,14.993323197528742
FR,H2Tank,5,H2,14.993323197528742
FR,H2Tank,6,H2,14.560404400801081
FR,H2Tank,7,H2,11.05163247097652
FR,H2Tank,8,H2,7.542860541151958
FR,H2Tank,9,H2,4.034088611327396
FR,H2Tank,10,H2,1.745078079298743
FR,H2Tank,11,H2,8.67911518463207
FR,H2Tank,12,H2,9.697185851298736
FR,H2Tank,13,H2,9.697185851298736
FR,H2Tank,14,H2,6.188413921474174
FR,H2Tank,15,H2,3.5087719298245617
FR,H2Tank,16,H2,0.0
FR,H2Tank,17,H2,0.0
FR,H2Tank,18,H2,0.0
FR,H2Tank,19,H2,-0.0
FR,H2Tank,20,H2,-0.0
FR,H2Tank,21,H2,-0.0
FR,H2Tank,22,H2,0.0
FR,H2Tank,23,H2,-0.0
FR,H2Tank,24,H2,0.0
FR,H2Tank,25,H2,-0.0
FR,H2Tank,26,H2,-0.0
FR,H2Tank,27,H2,0.0
FR,H2Tank,28,H2,3.322366468583334
FR,H2Tank,29,H2,14.786448240416666
FR,H2Tank,30,H2,26.661448240416668
FR,H2Tank,31,H2,38.53644824041667
FR,H2Tank,32,H2,42.82954704531081
FR,H2Tank,33,H2,42.82954704531081
FR,H2Tank,34,H2,42.82954704531081
FR,H2Tank,35,H2,42.82954704531081
FR,H2Tank,36,H2,42.82954704531081
FR,H2Tank,37,H2,39.32077511548625
FR,H2Tank,38,H2,30.548845290924845
FR,H2Tank,39,H2,24.56140350877193
FR,H2Tank,40,H2,21.05263157894737
FR,H2Tank,41,H2,17.54385964912281
FR,H2Tank,42,H2,14.035087719298247
FR,H2Tank,43,H2,14.035087719298247
FR,H2Tank,44,H2,14.035087719298247
FR,H2Tank,45,H2,14.035087719298247
FR,H2Tank,46,H2,10.526315789473685
FR,H2Tank,47,H2,7.017543859649123
FR,H2Tank,48,H2,3.5087719298245617
FR,H2Tank,49,H2,0.0
FR,H2Tank,50,H2,0.0
FR,H2Tank,51,H2,2.588527445555574
FR,H2Tank,52,H2,11.076368867020262
FR,H2Tank,53,H2,19.564210288484954
FR,H2Tank,54,H2,28.052051709949644
FR,H2Tank,55,H2,36.53989313141434
FR,H2Tank,56,H2,41.453473934197056
FR,H2Tank,57,H2,49.94131535566173
FR,H2Tank,58,H2,50.0
FR,H2Tank,59,H2,50.0
FR,H2Tank,60,H2,50.0
FR,H2Tank,61,H2,50.0
FR,H2Tank,62,H2,50.0
FR,H2Tank,63,H2,44.882598122807025
FR,H2Tank,64,H2,43.69430042105264
FR,H2Tank,65,H2,39.98971191403509
FR,H2Tank,66,H2,35.31452053333334
FR,H2Tank,67,H2,29.33061425789474
FR,H2Tank,68,H2,23.300918224561407
FR,H2Tank,69,H2,18.786310012280705
FR,H2Tank,70,H2,16.274444021052634
FR,H2Tank,71,H2,11.289317043859652
FR,H2Tank,72,H2,2.517387219298248
FR,H2Tank,73,H2,0.0
FR,H2Tank,74,H2,0.0
FR,H2Tank,75,H2,8.487841421464692
FR,H2Tank,76,H2,16.975682842929384
FR,H2Tank,77,H2,25.463524264394074
FR,H2Tank,78,H2,33.95136568585877
FR,H2Tank,79,H2,42.43920710732345
FR,H2Tank,80,H2,50.0
FR,H2Tank,81,H2,50.0
FR,H2Tank,82,H2,50.0
FR,H2Tank,83,H2,50.0
FR,H2Tank,84,H2,50.0
FR,H2Tank,85,H2,50.0
FR,H2Tank,86,H2,50.0
FR,H2Tank,87,H2,50.0
FR,H2Tank,88,H2,44.72785793458227
FR,H2Tank,89,H2,36.93184452230157
FR,H2Tank,90,H2,36.93184452230157
FR,H2Tank,91,H2,36.93184452230157
FR,H2Tank,92,H2,33.05515762087616
FR,H2Tank,93,H2,29.546385691051597
FR,H2Tank,94,H2,26.037613761227036
FR,H2Tank,95,H2,22.528841831402474
FR,H2Tank,96,H2,16.472999808849412
FR,H2Tank,97,H2,16.472999808849412
FR,H2Tank,98,H2,16.72154135785418
FR,H2Tank,99,H2,26.28234487443751
FR,H2Tank,100,H2,29.353245672083343
FR,H2Tank,101,H2,35.74266031266667
FR,H2Tank,102,H2,36.909567731083335
FR,H2Tank,103,H2,48.784567731083335
FR,H2Tank,104,H2,50.0
FR,H2Tank,105,H2,50.0
FR,H2Tank,106,H2,50.0
FR,H2Tank,107,H2,46.49122807017544
FR,H2Tank,108,H2,46.15376305614035
FR,H2Tank,109,H2,42.64499112631579
FR,H2Tank,110,H2,39.136219196491226
FR,H2Tank,111,H2,35.627447266666664
FR,H2Tank,112,H2,32.1186753368421
FR,H2Tank,113,H2,28.60990340701754
FR,H2Tank,114,H2,25.10113147719298
FR,H2Tank,115,H2,25.0
FR,H2Tank,116,H2,25.0
FR,H2Tank,117,H2,25.0
FR,H2Tank,118,H2,25.0
FR,H2Tank,119,H2,25.0
FR,H2Tank,120,H2,25.0
NO,Battery,1,Power,-0.0
NO,Battery,2,Power,-0.0
NO,Battery,3,Power,-0.0
NO,Battery,4,Power,-0.0
NO,Battery,5,Power,-0.0
NO,Battery,6,Power,-0.0
NO,Battery,7,Power,-0.0
NO,Battery,8,Power,-0.0
NO,Battery,9,Power,-0.0
NO,Battery,10,Power,-0.0
NO,Battery,11,Power,-0.0
NO,Battery,12,Power,-0.0
NO,Battery,13,Power,-0.0
NO,Battery,14,Power,0.0
NO,Battery,15,Power,-0.0
NO,Battery,16,Power,0.0
NO,Battery,17,Power,-0.0
NO,Battery,18,Power,-0.0
NO,Battery,19,Power,-0.0
NO,Battery,20,Power,-0.0
NO,Battery,21,Power,-0.0
NO,Battery,22,Power,-0.0
NO,Battery,23,Power,-0.0
NO,Battery,24,Power,-0.0
NO,Battery,25,Power,0.0
NO,Battery,26,Power,-0.0
NO,Battery,27,Power,-0.0
NO,Battery,28,Power,-0.0
NO,Battery,29,Power,-0.0
NO,Battery,30,Power,-0.0
NO,Battery,31,Power,-0.0
NO,Battery,32,Power,-0.0
NO,Battery,33,Power,-0.0
NO,Battery,34,Power,-0.0
NO,Battery,35,Power,-0.0
NO,Battery,36,Power,-0.0
NO,Battery,37,Power,-0.0
NO,Battery,38,Power,0.0
NO,Battery,39,Power,0.0
NO,Battery,40,Power,0.0
NO,Battery,41,Power,0.0
NO,Battery,42,Power,0.0
NO,Battery,43,Power,0.0
NO,Battery,44,Power,0.0
NO,Battery,45,Power,0.0
NO,Battery,46,Power,-0.0
NO,Battery,47,Power,-0.0
NO,Battery,48,Power,-0.0
NO,Battery,49,Power,-0.0
NO,Battery,50,Power,-0.0
NO,Battery,51,Power,-0.0
NO,Battery,52,Power,-0.0
NO,Battery,53,Power,-0.0
NO,Battery,54,Power,-0.0
NO,Battery,55,Power,-0.0
NO,Battery,56,Power,-0.0
NO,Battery,57,Power,-0.0
NO,Battery,58,Power,-0.0
NO,Battery,59,Power,0.0
NO,Battery,60,Power,0.0
NO,Battery,61,Power,0.0
NO,Battery,62,Power,0.0
NO,Battery,63,Power,0.0
NO,Battery,64,Power,-0.0
NO,Battery,65,Power,0.0
NO,Battery,66,Power,-0.0
NO,Battery,67,Power,-0.0
NO,Battery,68,Power,-0.0
NO,Battery,69,Power,-0.0
NO,Battery,70,Power,-0.0
NO,Battery,71,Power,-0.0
NO,Battery,72,Power,-0.0
NO,Battery,73,Power,-0.0
NO,Battery,74,Power,0.0
NO,Battery,75,Power,0.0
NO,Battery,76,Power,-0.0
NO,Battery,77,Power,-0.0
NO,Battery,78,Power,-0.0
NO,Battery,79,Power,-0.0
NO,Battery,80,Power,-0.0
NO,Battery,81,Power,-0.0
NO,Battery,82,Power,-0.0
NO,Battery,83,Power,-0.0
NO,Battery,84,Power,-0.0
NO,Battery,85,Power,-0.0
NO,Battery,86,Power,-0.0
NO,Battery,87,Power,0.0
NO,Battery,88,Power,0.0
NO,Battery,89,Power,0.0
NO,Battery,90,Power,0.0
NO,Battery,91,Power,0.0
NO,Battery,92,Power,0.0
NO,Battery,93,Power,0.0
NO,Battery,94,Power,0.0
NO,Battery,95,Power,0.0
NO,Battery,96,Power,0.0
NO,Battery,97,Power,0.0
NO,Battery,98,Power,-0.0
NO,Battery,99,Power,-0.0
NO,Battery,100,Power,0.0
NO,Battery,101,Power,0.0
NO,Battery,102,Power,0.0
NO,Battery,103,Power,0.0
NO,Battery,104,Power,-0.0
NO,Battery,105,Power,-0.0
NO,Battery,106,Power,-0.0
NO,Battery,107,Power,0.0
NO,Battery,108,Power,-0.0
NO,Battery,109,Power,-0.0
NO,Battery,110,Power,-0.0
NO,Battery,111,Power,-0.0
NO,Battery,112,Power,-0.0
NO,Battery,113,Power,-0.0
NO,Battery,114,Power,-0.0
NO,Battery,115,Power,-0.0
NO,Battery,116,Power,0.0
NO,Battery,117,Power,-0.0
NO,Battery,118,Power,-0.0
NO,Battery,119,Power,-0.0
NO,Battery,120,Power,-0.0
NO,PHS,1,Power,-0.0
NO,PHS,2,Power,-0.0
NO,PHS,3,Power,-0.0
NO,PHS,4,Power,-0.0
NO,PHS,5,Power,-0.0
NO,PHS,6,Power,-0.0
NO,PHS,7,Power,-0.0
NO,PHS,8,Power,-0.0
NO,PHS,9,Power,-0.0
NO,PHS,10,Power,-0.0
NO,PHS,11,Power,-0.0
NO,PHS,12,Power,-0.0
NO,PHS,13,Power,-0.0
NO,PHS,14,Power,-0.0
NO,PHS,15,Power,-0.0
NO,PHS,16,Power,-0.0
NO,PHS,17,Power,-0.0
NO,PHS,18,Power,-0.0
NO,PHS,19,Power,-0.0
NO,PHS,20,Power,-0.0
NO,PHS,21,Power,-0.0
NO,PHS,22,Power,-0.0
NO,PHS,23,Power,-0.0
NO,PHS,24,Power,-0.0
NO,PHS,25,Power,-0.0
NO,PHS,26,Power,-0.0
NO,PHS,27,Power,-0.0
NO,PHS,28,Power,-0.0
NO,PHS,29,Power,-0.0
NO,PHS,30,Power,-0.0
NO,PHS,31,Power,-0.0
NO,PHS,32,Power,-0.0
NO,PHS,33,Power,-0.0
NO,PHS,34,Power,-0.0
NO,PHS,35,Power,-0.0
NO,PHS,36,Power,-0.0
NO,PHS,37,Power,-0.0
NO,PHS,38,Power,-0.0
NO,PHS,39,Power,-0.0
NO,PHS,40,Power,-0.0
NO,PHS,41,Power,-0.0
NO,PHS,42,Power,-0.0
NO,PHS,43,Power,-0.0
NO,PHS,44,Power,-0.0
NO,PHS,45,Power,-0.0
NO,PHS,46,Power,-0.0
NO,PHS,47,Power,-0.0
NO,PHS,48,Power,-0.0
NO,PHS,49,Power,-0.0
NO,PHS,50,Power,-0.0
NO,PHS,51,Power,-0.0
NO,PHS,52,Power,-0.0
NO,PHS,53,Power,-0.0
NO,PHS,54,Power,-0.0
NO,PHS,55,Power,-0.0
NO,PHS,56,Power,-0.0
NO,PHS,57,Power,-0.0
NO,PHS,58,Power,-0.0
NO,PHS,59,Power,-0.0
NO,PHS,60,Power,-0.0
NO,PHS,61,Power,-0.0
NO,PHS,62,Power,-0.0
NO,PHS,63,Power,-0.0
NO,PHS,64,Power,-0.0
NO,PHS,65,Power,-0.0
NO,PHS,66,Power,-0.0
NO,PHS,67,Power,-0.0
NO,PHS,68,Power,-0.0
NO,PHS,69,Power,-0.0
NO,PHS,70,Power,-0.0
NO,PHS,71,Power,-0.0
NO,PHS,72,Power,-0.0
NO,PHS,73,Power,-0.0
NO,PHS,74,Power,-0.0
NO,PHS,75,Power,-0.0
NO,PHS,76,Power,-0.0
NO,PHS,77,Power,-0.0
NO,PHS,78,Power,-0.0
NO,PHS,79,Power,-0.0
NO,PHS,80,Power,-0.0
NO,PHS,81,Power,-0.0
NO,PHS,82,Power,-0.0
NO,PHS,83,Power,-0.0
NO,PHS,84,Power,-0.0
NO,PHS,85,Power,-0.0
NO,PHS,86,Power,-0.0
NO,PHS,87,Power,-0.0
NO,PHS,88,Power,-0.0
NO,PHS,89,Power,-0.0
NO,PHS,90,Power,-0.0
NO,PHS,91,Power,-0.0
NO,PHS,92,Power,-0.0
NO,PHS,93,Power,-0.0
NO,PHS,94,Power,-0.0
NO,PHS,95,Power,-0.0
NO,PHS,96,Power,-0.0
NO,PHS,97,Power,-0.0
NO,PHS,98,Power,-0.0
NO,PHS,99,Power,-0.0
NO,PHS,100,Power,-0.0
NO,PHS,101,Power,-0.0
NO,PHS,102,Power,-0.0
NO,PHS,103,Power,-0.0
NO,PHS,104,Power,-0.0
NO,PHS,105,Power,-0.0
NO,PHS,106,Power,-0.0
NO,PHS,107,Power,-0.0
NO,PHS,108,Power,-0.0
NO,PHS,109,Power,-0.0
NO,PHS,110,Power,-0.0
NO,PHS,111,Power,-0.0
NO,PHS,112,Power,-0.0
NO,PHS,113,Power,-0.0
NO,PHS,114,Power,-0.0
NO,PHS,115,Power,-0.0
NO,PHS,116,Power,-0.0
NO,PHS,117,Power,-0.0
NO,PHS,118,Power,-0.0
NO,PHS,119,Power,-0.0
NO,PHS,120,Power,-0.0
NO,H2Tank,1,H2,25.0
NO,H2Tank,2,H2,25.0
NO,H2Tank,3,H2,24.088564830116958
NO,H2Tank,4,H2,21.456985882748537
NO,H2Tank,5,H2,21.456985882748537
NO,H2Tank,6,H2,18.98095037865497
NO,H2Tank,7,H2,16.34937143128655
NO,H2Tank,8,H2,14.17218333508772
NO,H2Tank,9,H2,14.17218333508772
NO,H2Tank,10,H2,14.17218333508772
NO,H2Tank,11,H2,14.17218333508772
NO,H2Tank,12,H2,11.723793344152046
NO,H2Tank,13,H2,9.672544469005848
NO,H2Tank,14,H2,7.0409655216374265
NO,H2Tank,15,H2,4.409386574269005
NO,H2Tank,16,H2,2.6235450464912287
NO,H2Tank,17,H2,1.7319037923976608
NO,H2Tank,18,H2,1.013737990935673
NO,H2Tank,19,H2,1.013737990935673
NO,H2Tank,20,H2,1.013737990935673
NO,H2Tank,21,H2,1.013737990935673
NO,H2Tank,22,H2,1.013737990935673
NO,H2Tank,23,H2,1.013737990935673
NO,H2Tank,24,H2,-0.0
NO,H2Tank,25,H2,-0.0
NO,H2Tank,26,H2,0.0
NO,H2Tank,27,H2,-0.0
NO,H2Tank,28,H2,-0.0
NO,H2Tank,29,H2,-0.0
NO,H2Tank,30,H2,-0.0
NO,H2Tank,31,H2,-0.0
NO,H2Tank,32,H2,-0.0
NO,H2Tank,33,H2,-0.0
NO,H2Tank,34,H2,-0.0
NO,H2Tank,35,H2,-0.0
NO,H2Tank,36,H2,-0.0
NO,H2Tank,37,H2,-0.0
NO,H2Tank,38,H2,0.0
NO,H2Tank,39,H2,-0.0
NO,H2Tank,40,H2,-0.0
NO,H2Tank,41,H2,-0.0
NO,H2Tank,42,H2,-0.0
NO,H2Tank,43,H2,-0.0
NO,H2Tank,44,H2,-0.0
NO,H2Tank,45,H2,-0.0
NO,H2Tank,46,H2,-0.0
NO,H2Tank,47,H2,-0.0
NO,H2Tank,48,H2,0.0
NO,H2Tank,49,H2,0.0
NO,H2Tank,50,H2,0.1043568353146075
NO,H2Tank,51,H2,3.7699303818146075
NO,H2Tank,52,H2,8.687646058439608
NO,H2Tank,53,H2,12.419380787439607
NO,H2Tank,54,H2,19.459791842189606
NO,H2Tank,55,H2,25.33984390405979
NO,H2Tank,56,H2,29.928950284309792
NO,H2Tank,57,H2,31.032294046071687
NO,H2Tank,58,H2,32.95814765561335
NO,H2Tank,59,H2,32.95814765561335
NO,H2Tank,60,H2,31.21247675789473
NO,H2Tank,61,H2,28.58089781052631
NO,H2Tank,62,H2,25.949318863157888
NO,H2Tank,63,H2,23.317739915789467
NO,H2Tank,64,H2,21.947535747368416
NO,H2Tank,65,H2,19.703271326315786
NO,H2Tank,66,H2,18.421052631578945
NO,H2Tank,67,H2,15.789473684210526
NO,H2Tank,68,H2,13.157894736842104
NO,H2Tank,69,H2,10.526315789473683
NO,H2Tank,70,H2,7.894736842105262
NO,H2Tank,71,H2,5.263157894736842
NO,H2Tank,72,H2,2.631578947368421
NO,H2Tank,73,H2,0.0
NO,H2Tank,74,H2,0.0
NO,H2Tank,75,H2,8.103880619875001
NO,H2Tank,76,H2,19.5024852955
NO,H2Tank,77,H2,27.778486542499998
NO,H2Tank,78,H2,37.507962445749996
NO,H2Tank,79,H2,43.18504835075
NO,H2Tank,80,H2,47.625
NO,H2Tank,81,H2,50.0
NO,H2Tank,82,H2,50.0
NO,H2Tank,83,H2,47.36842105263158
NO,H2Tank,84,H2,44.736842105263165
NO,H2Tank,85,H2,42.10526315789475
NO,H2Tank,86,H2,39.47368421052633
NO,H2Tank,87,H2,36.84210526315791
NO,H2Tank,88,H2,34.210526315789494
NO,H2Tank,89,H2,31.578947368421073
NO,H2Tank,90,H2,28.94736842105265
NO,H2Tank,91,H2,26.31578947368423
NO,H2Tank,92,H2,23.68421052631581
NO,H2Tank,93,H2,23.142737224561422
NO,H2Tank,94,H2,20.511158277193
NO,H2Tank,95,H2,17.87957932982458
NO,H2Tank,96,H2,15.248000382456159
NO,H2Tank,97,H2,12.616421435087737
NO,H2Tank,98,H2,12.616421435087737
NO,H2Tank,99,H2,12.616421435087737
NO,H2Tank,100,H2,12.616421435087737
NO,H2Tank,101,H2,12.616421435087737
NO,H2Tank,102,H2,12.616421435087737
NO,H2Tank,103,H2,11.719076426608206
NO,H2Tank,104,H2,11.719076426608206
NO,H2Tank,105,H2,11.719076426608206
NO,H2Tank,106,H2,11.719076426608206
NO,H2Tank,107,H2,11.719076426608206
NO,H2Tank,108,H2,11.719076426608206
NO,H2Tank,109,H2,9.456126644152066
NO,H2Tank,110,H2,9.450454193552192
NO,H2Tank,111,H2,9.450454193552192
NO,H2Tank,112,H2,9.450454193552192
NO,H2Tank,113,H2,11.938243342552191
NO,H2Tank,114,H2,11.938243342552191
NO,H2Tank,115,H2,13.589298085333331
NO,H2Tank,116,H2,15.922103600999998
NO,H2Tank,117,H2,19.448104847999996
NO,H2Tank,118,H2,22.974106095
NO,H2Tank,119,H2,25.0
NO,H2Tank,120,H2,25.0
DK,Battery,1,Power,7.645206518676528
DK,Battery,2,Power,7.606980486083145
DK,Battery,3,Power,7.56894558365273
DK,Battery,4,Power,7.531100855734466
DK,Battery,5,Power,7.493445351455794
DK,Battery,6,Power,7.455978124698515
DK,Battery,7,Power,7.418698234075022
DK,Battery,8,Power,7.3816047429046465
DK,Battery,9,Power,7.344696719190123
DK,Battery,10,Power,7.307973235594173
DK,Battery,11,Power,7.2714333694162026
DK,Battery,12,Power,7.235076202569122
DK,Battery,13,Power,7.198900821556276
DK,Battery,14,Power,2.4745006968052525
DK,Battery,15,Power,0.0
DK,Battery,16,Power,-0.0
DK,Battery,17,Power,-0.0
DK,Battery,18,Power,-0.0
DK,Battery,19,Power,-0.0
DK,Battery,20,Power,-0.0
DK,Battery,21,Power,-0.0
DK,Battery,22,Power,-0.0
DK,Battery,23,Power,-0.0
DK,Battery,24,Power,-0.0
DK,Battery,25,Power,-0.0
DK,Battery,26,Power,0.0
DK,Battery,27,Power,-0.0
DK,Battery,28,Power,-0.0
DK,Battery,29,Power,-0.0
DK,Battery,30,Power,-0.0
DK,Battery,31,Power,0.0
DK,Battery,32,Power,-0.0
DK,Battery,33,Power,-0.0
DK,Battery,34,Power,-0.0
DK,Battery,35,Power,-0.0
DK,Battery,36,Power,-0.0
DK,Battery,37,Power,-0.0
DK,Battery,38,Power,-0.0
DK,Battery,39,Power,-0.0
DK,Battery,40,Power,-0.0
DK,Battery,41,Power,-0.0
DK,Battery,42,Power,-0.0
DK,Battery,43,Power,-0.0
DK,Battery,44,Power,-0.0
DK,Battery,45,Power,-0.0
DK,Battery,46,Power,-0.0
DK,Battery,47,Power,-0.0
DK,Battery,48,Power,0.0
DK,Battery,49,Power,-0.0
DK,Battery,50,Power,0.0
DK,Battery,51,Power,2.452871119187947
DK,Battery,52,Power,5.097417198779959
DK,Battery,53,Power,5.071930112786059
DK,Battery,54,Power,9.656745247353703
DK,Battery,55,Power,12.267549533949893
DK,Battery,56,Power,14.18191407178014
DK,Battery,57,Power,14.11100450142124
DK,Battery,58,Power,14.040449478914134
DK,Battery,59,Power,13.970247231519563
DK,Battery,60,Power,13.900395995361965
DK,Battery,61,Power,13.830894015385155
DK,Battery,62,Power,12.01921354530823
DK,Battery,63,Power,10.17395869980391
DK,Battery,64,Power,10.12308890630489
DK,Battery,65,Power,10.072473461773365
DK,Battery,66,Power,10.022111094464497
DK,Battery,67,Power,8.918192627881064
DK,Battery,68,Power,5.0027038869638805
DK,Battery,69,Power,1.4506967897512832
DK,Battery,70,Power,1.2257321502469714
DK,Battery,71,Power,-0.0
DK,Battery,72,Power,-0.0
DK,Battery,73,Power,0.0
DK,Battery,74,Power,0.0
DK,Battery,75,Power,4.0806571469999975
DK,Battery,76,Power,6.184565960264994
DK,Battery,77,Power,6.153643130463669
DK,Battery,78,Power,6.122874914811351
DK,Battery,79,Power,6.23211594397558
DK,Battery,80,Power,10.811130149387276
DK,Battery,81,Power,15.367249283771915
DK,Battery,82,Power,15.290413037353057
DK,Battery,83,Power,9.979725883277402
DK,Battery,84,Power,5.779382809416571
DK,Battery,85,Power,2.9284864953694876
DK,Battery,86,Power,0.0
DK,Battery,87,Power,-0.0
DK,Battery,88,Power,-0.0
DK,Battery,89,Power,-0.0
DK,Battery,90,Power,-0.0
DK,Battery,91,Power,-0.0
DK,Battery,92,Power,-0.0
DK,Battery,93,Power,-0.0
DK,Battery,94,Power,-0.0
DK,Battery,95,Power,-0.0
DK,Battery,96,Power,-0.0
DK,Battery,97,Power,-0.0
DK,Battery,98,Power,-0.0
DK,Battery,99,Power,0.0
DK,Battery,100,Power,-0.0
DK,Battery,101,Power,-0.0
DK,Battery,102,Power,-0.0
DK,Battery,103,Power,-0.0
DK,Battery,104,Power,-0.0
DK,Battery,105,Power,0.8772570827279614
DK,Battery,106,Power,0.8728707973143217
DK,Battery,107,Power,0.8685064433277501
DK,Battery,108,Power,-0.0
DK,Battery,109,Power,-0.0
DK,Battery,110,Power,-0.0
DK,Battery,111,Power,-0.0
DK,Battery,112,Power,-0.0
DK,Battery,113,Power,-0.0
DK,Battery,114,Power,-0.0
DK,Battery,115,Power,-0.0
DK,Battery,116,Power,0.0
DK,Battery,117,Power,0.0
DK,Battery,118,Power,3.1276995335269717
DK,Battery,119,Power,7.722235820990912
DK,Battery,120,Power,7.683624641885958
DK,PHS,1,Power,0.0
DK,PHS,2,Power,0.0
DK,PHS,3,Power,0.0
DK,PHS,4,Power,0.0
DK,PHS,5,Power,0.0
DK,PHS,6,Power,0.0
DK,PHS,7,Power,0.0
DK,PHS,8,Power,0.0
DK,PHS,9,Power,0.0
DK,PHS,10,Power,0.0
DK,PHS,11,Power,0.0
DK,PHS,12,Power,0.0
DK,PHS,13,Power,0.0
DK,PHS,14,Power,0.0
DK,PHS,15,Power,0.0
DK,PHS,16,Power,0.0
DK,PHS,17,Power,0.0
DK,PHS,18,Power,0.0
DK,PHS,19,Power,0.0
DK,PHS,20,Power,0.0
DK,PHS,21,Power,0.0
DK,PHS,22,Power,0.0
DK,PHS,23,Power,0.0
DK,PHS,24,Power,0.0
DK,PHS,25,Power,0.0
DK,PHS,26,Power,0.0
DK,PHS,27,Power,0.0
DK,PHS,28,Power,0.0
DK,PHS,29,Power,0.0
DK,PHS,30,Power,0.0
DK,PHS,31,Power,0.0
DK,PHS,32,Power,0.0
DK,PHS,33,Power,0.0
DK,PHS,34,Power,0.0
DK,PHS,35,Power,0.0
DK,PHS,36,Power,0.0
DK,PHS,37,Power,0.0
DK,PHS,38,Power,0.0
DK,PHS,39,Power,0.0
DK,PHS,40,Power,0.0
DK,PHS,41,Power,0.0
DK,PHS,42,Power,0.0
DK,PHS,43,Power,0.0
DK,PHS,44,Power,0.0
DK,PHS,45,Power,0.0
DK,PHS,46,Power,0.0
DK,PHS,47,Power,0.0
DK,PHS,48,Power,0.0
DK,PHS,49,Power,0.0
DK,PHS,50,Power,0.0
DK,PHS,51,Power,0.0
DK,PHS,52,Power,0.0
DK,PHS,53,Power,0.0
DK,PHS,54,Power,0.0
DK,PHS,55,Power,0.0
DK,PHS,56,Power,0.0
DK,PHS,57,Power,0.0
DK,PHS,58,Power,0.0
DK,PHS,59,Power,0.0
DK,PHS,60,Power,0.0
DK,PHS,61,Power,0.0
DK,PHS,62,Power,0.0
DK,PHS,63,Power,0.0
DK,PHS,64,Power,0.0
DK,PHS,65,Power,0.0
DK,PHS,66,Power,0.0
DK,PHS,67,Power,0.0
DK,PHS,68,Power,0.0
DK,PHS,69,Power,0.0
DK,PHS,70,Power,0.0
DK,PHS,71,Power,0.0
DK,PHS,72,Power,0.0
DK,PHS,73,Power,0.0
DK,PHS,74,Power,0.0
DK,PHS,75,Power,0.0
DK,PHS,76,Power,0.0
DK,PHS,77,Power,0.0
DK,PHS,78,Power,0.0
DK,PHS,79,Power,0.0
DK,PHS,80,Power,0.0
DK,PHS,81,Power,0.0
DK,PHS,82,Power,0.0
DK,PHS,83,Power,0.0
DK,PHS,84,Power,0.0
DK,PHS,85,Power,0.0
DK,PHS,86,Power,0.0
DK,PHS,87,Power,0.0
DK,PHS,88,Power,0.0
DK,PHS,89,Power,0.0
DK,PHS,90,Power,0.0
DK,PHS,91,Power,0.0
DK,PHS,92,Power,0.0
DK,PHS,93,Power,0.0
DK,PHS,94,Power,0.0
DK,PHS,95,Power,0.0
DK,PHS,96,Power,0.0
DK,PHS,97,Power,0.0
DK,PHS,98,Power,0.0
DK,PHS,99,Power,0.0
DK,PHS,100,Power,0.0
DK,PHS,101,Power,0.0
DK,PHS,102,Power,0.0
DK,PHS,103,Power,0.0
DK,PHS,104,Power,0.0
DK,PHS,105,Power,0.0
DK,PHS,106,Power,0.0
DK,PHS,107,Power,0.0
DK,PHS,108,Power,0.0
DK,PHS,109,Power,0.0
DK,PHS,110,Power,0.0
DK,PHS,111,Power,0.0
DK,PHS,112,Power,0.0
DK,PHS,113,Power,0.0
DK,PHS,114,Power,0.0
DK,PHS,115,Power,0.0
DK,PHS,116,Power,0.0
DK,PHS,117,Power,0.0
DK,PHS,118,Power,0.0
DK,PHS,119,Power,0.0
DK,PHS,120,Power,-0.0
DK,H2Tank,1,H2,25.0
DK,H2Tank,2,H2,24.034115740350877
DK,H2Tank,3,H2,24.028578007017547
DK,H2Tank,4,H2,22.274192042105266
DK,H2Tank,5,H2,22.274192042105266
DK,H2Tank,6,H2,20.519806077192985
DK,H2Tank,7,H2,18.765420112280705
DK,H2Tank,8,H2,17.011034147368424
DK,H2Tank,9,H2,14.226958063157895
DK,H2Tank,10,H2,14.226958063157895
DK,H2Tank,11,H2,14.226958063157895
DK,H2Tank,12,H2,14.226958063157895
DK,H2Tank,13,H2,12.472572098245614
DK,H2Tank,14,H2,10.718186133333333
DK,H2Tank,15,H2,8.963800168421052
DK,H2Tank,16,H2,7.209414203508772
DK,H2Tank,17,H2,5.455028238596491
DK,H2Tank,18,H2,5.455028238596491
DK,H2Tank,19,H2,3.700642273684211
DK,H2Tank,20,H2,3.700642273684211
DK,H2Tank,21,H2,3.508771929824561
DK,H2Tank,22,H2,3.508771929824561
DK,H2Tank,23,H2,1.7543859649122806
DK,H2Tank,24,H2,-0.0
DK,H2Tank,25,H2,-0.0
DK,H2Tank,26,H2,0.0
DK,H2Tank,27,H2,0.7628486676250006
DK,H2Tank,28,H2,0.7628486676250006
DK,H2Tank,29,H2,4.8245942175130185
DK,H2Tank,30,H2,11.503583898179684
DK,H2Tank,31,H2,19.512809411596347
DK,H2Tank,32,H2,19.748592756492496
DK,H2Tank,33,H2,19.748592756492496
DK,H2Tank,34,H2,19.748592756492496
DK,H2Tank,35,H2,19.748592756492496
DK,H2Tank,36,H2,19.748592756492496
DK,H2Tank,37,H2,19.748592756492496
DK,H2Tank,38,H2,15.032119424561404
DK,H2Tank,39,H2,15.032119424561404
DK,H2Tank,40,H2,15.032119424561404
DK,H2Tank,41,H2,15.032119424561404
DK,H2Tank,42,H2,13.277733459649124
DK,H2Tank,43,H2,7.028202515789474
DK,H2Tank,44,H2,3.2351466982456145
DK,H2Tank,45,H2,3.2351466982456145
DK,H2Tank,46,H2,3.2351466982456145
DK,H2Tank,47,H2,1.7543859649122806
DK,H2Tank,48,H2,0.0
DK,H2Tank,49,H2,0.0
DK,H2Tank,50,H2,8.546326201833335
DK,H2Tank,51,H2,15.671326201833335
DK,H2Tank,52,H2,22.796326201833335
DK,H2Tank,53,H2,28.625
DK,H2Tank,54,H2,35.75
DK,H2Tank,55,H2,42.875
DK,H2Tank,56,H2,50.0
DK,H2Tank,57,H2,50.0
DK,H2Tank,58,H2,50.0
DK,H2Tank,59,H2,50.0
DK,H2Tank,60,H2,50.0
DK,H2Tank,61,H2,50.0
DK,H2Tank,62,H2,48.24561403508772
DK,H2Tank,63,H2,46.49122807017544
DK,H2Tank,64,H2,44.741759736842106
DK,H2Tank,65,H2,39.2457516877193
DK,H2Tank,66,H2,33.798133785964914
DK,H2Tank,67,H2,26.78058992631579
DK,H2Tank,68,H2,24.498405164961643
DK,H2Tank,69,H2,19.95608516491228
DK,H2Tank,70,H2,18.2016992
DK,H2Tank,71,H2,11.184155340350877
DK,H2Tank,72,H2,4.1666114807017545
DK,H2Tank,73,H2,0.0
DK,H2Tank,74,H2,0.0
DK,H2Tank,75,H2,7.125000000000001
DK,H2Tank,76,H2,14.250000000000002
DK,H2Tank,77,H2,25.587453288041665
DK,H2Tank,78,H2,35.811595429708326
DK,H2Tank,79,H2,43.29277733399925
DK,H2Tank,80,H2,49.36563361602702
DK,H2Tank,81,H2,50.0
DK,H2Tank,82,H2,50.0
DK,H2Tank,83,H2,43.07141380701754
DK,H2Tank,84,H2,38.95416361403508
DK,H2Tank,85,H2,33.584093084978065
DK,H2Tank,86,H2,31.829707120065784
DK,H2Tank,87,H2,29.266891460416662
DK,H2Tank,88,H2,28.175723456274135
DK,H2Tank,89,H2,26.571137733467115
DK,H2Tank,90,H2,26.571137733467115
DK,H2Tank,91,H2,26.571137733467115
DK,H2Tank,92,H2,26.571137733467115
DK,H2Tank,93,H2,26.571137733467115
DK,H2Tank,94,H2,26.571137733467115
DK,H2Tank,95,H2,26.571137733467115
DK,H2Tank,96,H2,24.816751768554834
DK,H2Tank,97,H2,24.816751768554834
DK,H2Tank,98,H2,24.816751768554834
DK,H2Tank,99,H2,24.816751768554834
DK,H2Tank,100,H2,24.816751768554834
DK,H2Tank,101,H2,24.816751768554834
DK,H2Tank,102,H2,24.816751768554834
DK,H2Tank,103,H2,24.816751768554834
DK,H2Tank,104,H2,24.816751768554834
DK,H2Tank,105,H2,24.816751768554834
DK,H2Tank,106,H2,24.816751768554834
DK,H2Tank,107,H2,24.816751768554834
DK,H2Tank,108,H2,23.062365803642553
DK,H2Tank,109,H2,23.062365803642553
DK,H2Tank,110,H2,23.062365803642553
DK,H2Tank,111,H2,23.062365803642553
DK,H2Tank,112,H2,23.062365803642553
DK,H2Tank,113,H2,23.062365803642553
DK,H2Tank,114,H2,23.062365803642553
DK,H2Tank,115,H2,23.062365803642553
DK,H2Tank,116,H2,23.062365803642553
DK,H2Tank,117,H2,23.062365803642553
DK,H2Tank,118,H2,23.44878745609722
DK,H2Tank,119,H2,25.0
DK,H2Tank,120,H2,25.0
UK,Battery,1,Power,24.875
UK,Battery,2,Power,24.750625
UK,Battery,3,Power,15.926573065391256
UK,Battery,4,Power,1.172020433177769
UK,Battery,5,Power,0.0
UK,Battery,6,Power,0.0
UK,Battery,7,Power,0.0
UK,Battery,8,Power,-0.0
UK,Battery,9,Power,-0.0
UK,Battery,10,Power,-0.0
UK,Battery,11,Power,1.4651240992933332
UK,Battery,12,Power,1.4577984787968665
UK,Battery,13,Power,1.4505094864028822
UK,Battery,14,Power,1.4432569389708678
UK,Battery,15,Power,0.0
UK,Battery,16,Power,0.0
UK,Battery,17,Power,-0.0
UK,Battery,18,Power,0.0
UK,Battery,19,Power,-0.0
UK,Battery,20,Power,0.0
UK,Battery,21,Power,-0.0
UK,Battery,22,Power,-0.0
UK,Battery,23,Power,-0.0
UK,Battery,24,Power,0.0
UK,Battery,25,Power,0.0
UK,Battery,26,Power,0.0
UK,Battery,27,Power,0.0
UK,Battery,28,Power,-0.0
UK,Battery,29,Power,-0.0
UK,Battery,30,Power,-0.0
UK,Battery,31,Power,-0.0
UK,Battery,32,Power,-0.0
UK,Battery,33,Power,-0.0
UK,Battery,34,Power,-0.0
UK,Battery,35,Power,1.0875737182933407
UK,Battery,36,Power,14.07133308347404
UK,Battery,37,Power,14.00097641805667
UK,Battery,38,Power,-0.0
UK,Battery,39,Power,-0.0
UK,Battery,40,Power,-0.0
UK,Battery,41,Power,-0.0
UK,Battery,42,Power,-0.0
UK,Battery,43,Power,-0.0
UK,Battery,44,Power,-0.0
UK,Battery,45,Power,0.0
UK,Battery,46,Power,0.0
UK,Battery,47,Power,-0.0
UK,Battery,48,Power,0.0
UK,Battery,49,Power,-0.0
UK,Battery,50,Power,-0.0
UK,Battery,51,Power,0.0
UK,Battery,52,Power,-0.0
UK,Battery,53,Power,-0.0
UK,Battery,54,Power,7.153457492186022
UK,Battery,55,Power,7.117690204725092
UK,Battery,56,Power,7.082101753701466
UK,Battery,57,Power,7.046691244932959
UK,Battery,58,Power,8.212205609277888
UK,Battery,59,Power,23.171144581231495
UK,Battery,60,Power,17.070399976929963
UK,Battery,61,Power,2.156515806674939
UK,Battery,62,Power,0.0
UK,Battery,63,Power,0.0
UK,Battery,64,Power,0.0
UK,Battery,65,Power,0.0
UK,Battery,66,Power,0.0
UK,Battery,67,Power,0.0
UK,Battery,68,Power,0.0
UK,Battery,69,Power,0.0
UK,Battery,70,Power,0.0
UK,Battery,71,Power,0.0
UK,Battery,72,Power,0.0
UK,Battery,73,Power,-0.0
UK,Battery,74,Power,0.0
UK,Battery,75,Power,6.1609363492710765
UK,Battery,76,Power,14.028966597539075
UK,Battery,77,Power,28.958821764551377
UK,Battery,78,Power,30.251178832929014
UK,Battery,79,Power,30.09992293876437
UK,Battery,80,Power,39.24333501127093
UK,Battery,81,Power,50.0
UK,Battery,82,Power,50.0
UK,Battery,83,Power,45.168942029279535
UK,Battery,84,Power,26.424578800614622
UK,Battery,85,Power,24.000721602907845
UK,Battery,86,Power,23.33182378748589
UK,Battery,87,Power,23.21516466854846
UK,Battery,88,Power,5.434835442569071
UK,Battery,89,Power,-0.0
UK,Battery,90,Power,-0.0
UK,Battery,91,Power,-0.0
UK,Battery,92,Power,-0.0
UK,Battery,93,Power,-0.0
UK,Battery,94,Power,-0.0
UK,Battery,95,Power,-0.0
UK,Battery,96,Power,-0.0
UK,Battery,97,Power,-0.0
UK,Battery,98,Power,-0.0
UK,Battery,99,Power,-0.0
UK,Battery,100,Power,-0.0
UK,Battery,101,Power,-0.0
UK,Battery,102,Power,-0.0
UK,Battery,103,Power,-0.0
UK,Battery,104,Power,-0.0
UK,Battery,105,Power,-0.0
UK,Battery,106,Power,-0.0
UK,Battery,107,Power,-0.0
UK,Battery,108,Power,-0.0
UK,Battery,109,Power,-0.0
UK,Battery,110,Power,0.0
UK,Battery,111,Power,-0.0
UK,Battery,112,Power,-0.0
UK,Battery,113,Power,-0.0
UK,Battery,114,Power,-0.0
UK,Battery,115,Power,-0.0
UK,Battery,116,Power,0.0
UK,Battery,117,Power,8.047814025178688
UK,Battery,118,Power,22.61109605361535
UK,Battery,119,Power,25.12562814070352
UK,Battery,120,Power,25.0
UK,PHS,1,Power,-0.0
UK,PHS,2,Power,-0.0
UK,PHS,3,Power,-0.0
UK,PHS,4,Power,-0.0
UK,PHS,5,Power,-0.0
UK,PHS,6,Power,-0.0
UK,PHS,7,Power,-0.0
UK,PHS,8,Power,-0.0
UK,PHS,9,Power,-0.0
UK,PHS,10,Power,-0.0
UK,PHS,11,Power,-0.0
UK,PHS,12,Power,-0.0
UK,PHS,13,Power,-0.0
UK,PHS,14,Power,-0.0
UK,PHS,15,Power,-0.0
UK,PHS,16,Power,-0.0
UK,PHS,17,Power,-0.0
UK,PHS,18,Power,-0.0
UK,PHS,19,Power,-0.0
UK,PHS,20,Power,-0.0
UK,PHS,21,Power,-0.0
UK,PHS,22,Power,-0.0
UK,PHS,23,Power,-0.0
UK,PHS,24,Power,-0.0
UK,PHS,25,Power,-0.0
UK,PHS,26,Power,-0.0
UK,PHS,27,Power,-0.0
UK,PHS,28,Power,-0.0
UK,PHS,29,Power,-0.0
UK,PHS,30,Power,-0.0
UK,PHS,31,Power,-0.0
UK,PHS,32,Power,-0.0
UK,PHS,33,Power,-0.0
UK,PHS,34,Power,-0.0
UK,PHS,35,Power,-0.0
UK,PHS,36,Power,-0.0
UK,PHS,37,Power,-0.0
UK,PHS,38,Power,-0.0
UK,PHS,39,Power,-0.0
UK,PHS,40,Power,-0.0
UK,PHS,41,Power,-0.0
UK,PHS,42,Power,-0.0
UK,PHS,43,Power,-0.0
UK,PHS,44,Power,-0.0
UK,PHS,45,Power,-0.0
UK,PHS,46,Power,-0.0
UK,PHS,47,Power,-0.0
UK,PHS,48,Power,-0.0
UK,PHS,49,Power,-0.0
UK,PHS,50,Power,-0.0
UK,PHS,51,Power,-0.0
UK,PHS,52,Power,-0.0
UK,PHS,53,Power,-0.0
UK,PHS,54,Power,-0.0
UK,PHS,55,Power,-0.0
UK,PHS,56,Power,-0.0
UK,PHS,57,Power,-0.0
UK,PHS,58,Power,-0.0
UK,PHS,59,Power,-0.0
UK,PHS,60,Power,-0.0
UK,PHS,61,Power,-0.0
UK,PHS,62,Power,-0.0
UK,PHS,63,Power,-0.0
UK,PHS,64,Power,-0.0
UK,PHS,65,Power,-0.0
UK,PHS,66,Power,-0.0
UK,PHS,67,Power,-0.0
UK,PHS,68,Power,-0.0
UK,PHS,69,Power,-0.0
UK,PHS,70,Power,-0.0
UK,PHS,71,Power,-0.0
UK,PHS,72,Power,-0.0
UK,PHS,73,Power,-0.0
UK,PHS,74,Power,-0.0
UK,PHS,75,Power,-0.0
UK,PHS,76,Power,-0.0
UK,PHS,77,Power,-0.0
UK,PHS,78,Power,-0.0
UK,PHS,79,Power,-0.0
UK,PHS,80,Power,-0.0
UK,PHS,81,Power,-0.0
UK,PHS,82,Power,-0.0
UK,PHS,83,Power,-0.0
UK,PHS,84,Power,-0.0
UK,PHS,85,Power,-0.0
UK,PHS,86,Power,-0.0
UK,PHS,87,Power,-0.0
UK,PHS,88,Power,-0.0
UK,PHS,89,Power,-0.0
UK,PHS,90,Power,-0.0
UK,PHS,91,Power,-0.0
UK,PHS,92,Power,0.0
UK,PHS,93,Power,-0.0
UK,PHS,94,Power,-0.0
UK,PHS,95,Power,-0.0
UK,PHS,96,Power,-0.0
UK,PHS,97,Power,-0.0
UK,PHS,98,Power,-0.0
UK,PHS,99,Power,-0.0
UK,PHS,100,Power,-0.0
UK,PHS,101,Power,-0.0
UK,PHS,102,Power,-0.0
UK,PHS,103,Power,-0.0
UK,PHS,104,Power,-0.0
UK,PHS,105,Power,-0.0
UK,PHS,106,Power,-0.0
UK,PHS,107,Power,-0.0
UK,PHS,108,Power,-0.0
UK,PHS,109,Power,-0.0
UK,PHS,110,Power,-0.0
UK,PHS,111,Power,-0.0
UK,PHS,112,Power,-0.0
UK,PHS,113,Power,-0.0
UK,PHS,114,Power,-0.0
UK,PHS,115,Power,-0.0
UK,PHS,116,Power,-0.0
UK,PHS,117,Power,-0.0
UK,PHS,118,Power,-0.0
UK,PHS,119,Power,-0.0
UK,PHS,120,Power,-0.0
UK,H2Tank,1,H2,28.4552514890202
UK,H2Tank,2,H2,28.4552514890202
UK,H2Tank,3,H2,28.4552514890202
UK,H2Tank,4,H2,27.818708886843876
UK,H2Tank,5,H2,17.292393097370194
UK,H2Tank,6,H2,14.632182297168532
UK,H2Tank,7,H2,10.082554718221164
UK,H2Tank,8,H2,10.082554718221164
UK,H2Tank,9,H2,10.082554718221164
UK,H2Tank,10,H2,13.537806207241362
UK,H2Tank,11,H2,21.74305769626156
UK,H2Tank,12,H2,29.948309185281758
UK,H2Tank,13,H2,29.948309185281758
UK,H2Tank,14,H2,29.948309185281758
UK,H2Tank,15,H2,21.633333242736214
UK,H2Tank,16,H2,12.392181842902046
UK,H2Tank,17,H2,6.728172579909984
UK,H2Tank,18,H2,6.728172579909984
UK,H2Tank,19,H2,6.728172579909984
UK,H2Tank,20,H2,4.722131850251257
UK,H2Tank,21,H2,1.0445897156236397
UK,H2Tank,22,H2,-0.0
UK,H2Tank,23,H2,-0.0
UK,H2Tank,24,H2,-0.0
UK,H2Tank,25,H2,-0.0
UK,H2Tank,26,H2,-0.0
UK,H2Tank,27,H2,0.0
UK,H2Tank,28,H2,5.219492527885161
UK,H2Tank,29,H2,12.463275249894586
UK,H2Tank,30,H2,12.463275249894586
UK,H2Tank,31,H2,12.463275249894586
UK,H2Tank,32,H2,16.79249632765007
UK,H2Tank,33,H2,16.79249632765007
UK,H2Tank,34,H2,18.147655907499708
UK,H2Tank,35,H2,26.352907396519903
UK,H2Tank,36,H2,29.82191503912883
UK,H2Tank,37,H2,29.82191503912883
UK,H2Tank,38,H2,29.003299131933108
UK,H2Tank,39,H2,19.302718633713255
UK,H2Tank,40,H2,11.130768209480834
UK,H2Tank,41,H2,4.589839922090519
UK,H2Tank,42,H2,2.929560550489681
UK,H2Tank,43,H2,2.929560550489681
UK,H2Tank,44,H2,2.929560550489681
UK,H2Tank,45,H2,2.929560550489681
UK,H2Tank,46,H2,1.8248451341314458
UK,H2Tank,47,H2,0.8918707243982512
UK,H2Tank,48,H2,0.8918707243982512
UK,H2Tank,49,H2,-0.0
UK,H2Tank,50,H2,0.0
UK,H2Tank,51,H2,-0.0
UK,H2Tank,52,H2,3.844131599249999
UK,H2Tank,53,H2,10.162407755153733
UK,H2Tank,54,H2,22.037407755153733
UK,H2Tank,55,H2,32.95944691030746
UK,H2Tank,56,H2,36.406309339461195
UK,H2Tank,57,H2,42.62460064346668
UK,H2Tank,58,H2,48.52087376151293
UK,H2Tank,59,H2,50.0
UK,H2Tank,60,H2,50.0
UK,H2Tank,61,H2,50.0
UK,H2Tank,62,H2,42.98245614035088
UK,H2Tank,63,H2,35.96491228070175
UK,H2Tank,64,H2,28.94736842105263
UK,H2Tank,65,H2,21.929824561403507
UK,H2Tank,66,H2,14.912280701754383
UK,H2Tank,67,H2,14.035087719298245
UK,H2Tank,68,H2,7.017543859649122
UK,H2Tank,69,H2,-0.0
UK,H2Tank,70,H2,-0.0
UK,H2Tank,71,H2,-0.0
UK,H2Tank,72,H2,-0.0
UK,H2Tank,73,H2,-0.0
UK,H2Tank,74,H2,0.0
UK,H2Tank,75,H2,8.205251489020197
UK,H2Tank,76,H2,16.410502978040395
UK,H2Tank,77,H2,24.61575446706059
UK,H2Tank,78,H2,32.82100595608079
UK,H2Tank,79,H2,39.67962328773452
UK,H2Tank,80,H2,47.88487477675472
UK,H2Tank,81,H2,50.0
UK,H2Tank,82,H2,50.0
UK,H2Tank,83,H2,50.0
UK,H2Tank,84,H2,50.0
UK,H2Tank,85,H2,50.0
UK,H2Tank,86,H2,50.0
UK,H2Tank,87,H2,50.0
UK,H2Tank,88,H2,50.0
UK,H2Tank,89,H2,47.88598807657225
UK,H2Tank,90,H2,47.88598807657225
UK,H2Tank,91,H2,47.88598807657225
UK,H2Tank,92,H2,47.88598807657225
UK,H2Tank,93,H2,47.88598807657225
UK,H2Tank,94,H2,47.88598807657225
UK,H2Tank,95,H2,47.88598807657225
UK,H2Tank,96,H2,47.88598807657225
UK,H2Tank,97,H2,47.88598807657225
UK,H2Tank,98,H2,47.88598807657225
UK,H2Tank,99,H2,47.88598807657225
UK,H2Tank,100,H2,47.88598807657225
UK,H2Tank,101,H2,49.30732811058167
UK,H2Tank,102,H2,50.0
UK,H2Tank,103,H2,50.0
UK,H2Tank,104,H2,50.0
UK,H2Tank,105,H2,50.0
UK,H2Tank,106,H2,50.0
UK,H2Tank,107,H2,50.0
UK,H2Tank,108,H2,45.61044900963673
UK,H2Tank,109,H2,36.29953394664467
UK,H2Tank,110,H2,24.79801158891577
UK,H2Tank,111,H2,24.79801158891577
UK,H2Tank,112,H2,24.79801158891577
UK,H2Tank,113,H2,24.79801158891577
UK,H2Tank,114,H2,25.0
UK,H2Tank,115,H2,25.0
UK,H2Tank,116,H2,25.0
UK,H2Tank,117,H2,25.0
UK,H2Tank,118,H2,25.0
UK,H2Tank,119,H2,25.0
UK,H2Tank,120,H2,25.0
